species,kegg_org,strain,description,recA,dnaK,fusA
Klebsiella Pneumoniae,kpa,,,1,1,1
Klebsiella Pneumoniae,kpb,,,1,1,1
Klebsiella Pneumoniae,kpc,,,1,1,1
Klebsiella Pneumoniae,kpg,,,1,1,1
Klebsiella Pneumoniae,kph,,,1,1,1
Klebsiella Pneumoniae,kpi,,,1,1,1
Klebsiella Pneumoniae,kpj,,,1,1,1
Klebsiella Pneumoniae,kpm,,,1,1,1
Klebsiella Pneumoniae,kpn,,,1,1,1
Klebsiella Pneumoniae,kpo,,,1,1,1
Pseudomonas Aeruginosa,pae,,,1,1,1
Pseudomonas Aeruginosa,paf,,,1,1,1
Pseudomonas Aeruginosa,pag,,,1,1,1
Pseudomonas Aeruginosa,pau,,,1,1,1
Pseudomonas Aeruginosa,pdk,,,1,1,1
Pseudomonas Aeruginosa,pnc,,,1,1,1
Pseudomonas Aeruginosa,prp,,,1,1,1
Pseudomonas Aeruginosa,psg,,,1,1,1
Pseudomonas Aeruginosa,paeb,,,1,1,1
Pseudomonas Aeruginosa,paec,,,1,1,1
Burkholderia Pseudomallei,bpd,,,1,1,1
Burkholderia Pseudomallei,bpk,,,1,1,1
Burkholderia Pseudomallei,bpl,,,1,1,1
Burkholderia Pseudomallei,bpm,,,1,1,1
Burkholderia Pseudomallei,bpq,,,1,1,1
Burkholderia Pseudomallei,bpr,,,1,1,1
Burkholderia Pseudomallei,bps,,,1,1,1
Burkholderia Pseudomallei,bpz,,,1,1,1
Burkholderia Pseudomallei,but,,,1,1,1
Burkholderia Pseudomallei,bpsa,,,1,1,1
Bacillus Thuringiensis,btb,,,1,1,1
Bacillus Thuringiensis,btc,,,1,1,1
Bacillus Thuringiensis,btg,,,1,1,1
Bacillus Thuringiensis,bti,,,1,1,1
Bacillus Thuringiensis,btk,,,1,1,1
Bacillus Thuringiensis,btl,,,1,1,1
Bacillus Thuringiensis,btm,,,0,1,1
Bacillus Thuringiensis,btn,,,1,1,1
Bacillus Thuringiensis,btt,,,1,1,1
Bacillus Thuringiensis,btw,,,1,1,1
Bacillus Subtilis,bsh,,,1,1,1
Bacillus Subtilis,bsl,,,1,1,1
Bacillus Subtilis,bsn,,,1,1,1
Bacillus Subtilis,bso,,,1,1,1
Bacillus Subtilis,bsp,,,1,1,1
Bacillus Subtilis,bsq,,,1,0,1
Bacillus Subtilis,bsr,,,1,1,1
Bacillus Subtilis,bss,,,1,1,1
Bacillus Subtilis,bsu,,,1,1,1
Bacillus Subtilis,bsx,,,0,1,1
Bacillus Cereus,bal,,,1,1,1
Bacillus Cereus,bca,,,1,1,1
Bacillus Cereus,bcb,,,1,1,1
Bacillus Cereus,bce,,,1,1,1
Bacillus Cereus,bcf,,,1,1,1
Bacillus Cereus,bcg,,,1,1,1
Bacillus Cereus,bcq,,,1,1,1
Bacillus Cereus,bcr,,,1,1,1
Bacillus Cereus,bcu,,,1,1,1
Bacillus Cereus,bcx,,,1,1,1
Vibrio Cholerae,vce,,,1,1,1
Vibrio Cholerae,vcf,,,1,1,1
Vibrio Cholerae,vch,,,1,1,1
Vibrio Cholerae,vci,,,1,1,1
Vibrio Cholerae,vcj,,,1,1,1
Vibrio Cholerae,vcl,,,1,1,1
Vibrio Cholerae,vcm,,,1,1,1
Vibrio Cholerae,vco,,,1,1,1
Vibrio Cholerae,vcq,,,1,1,1
Vibrio Cholerae,vcr,,,1,1,1
Pseudomonas Putida,ppb,,,1,1,1
Pseudomonas Putida,ppf,,,1,1,1
Pseudomonas Putida,ppg,,,1,1,1
Pseudomonas Putida,ppi,,,1,1,1
Pseudomonas Putida,ppt,,,1,1,1
Pseudomonas Putida,ppu,,,1,1,1
Pseudomonas Putida,ppw,,,1,1,1
Pseudomonas Putida,ppx,,,1,1,1
Pseudomonas Putida,ppud,,,1,1,1
Pseudomonas Putida,ppuh,,,1,1,1
Bacillus Velezensis,baq,,,1,1,1
Bacillus Velezensis,bay,,,1,1,1
Bacillus Velezensis,bmp,,,1,1,1
Bacillus Velezensis,bqy,,,1,1,1
Bacillus Velezensis,bya,,,1,1,1
Bacillus Velezensis,bama,,,1,1,1
Bacillus Velezensis,bamb,,,1,1,1
Bacillus Velezensis,baml,,,1,1,1
Bacillus Velezensis,bamn,,,1,1,1
Bacillus Velezensis,bamp,,,1,1,1
Burkholderia Mallei,bma,,,1,1,1
Burkholderia Mallei,bml,,,1,1,1
Burkholderia Mallei,bmn,,,1,1,1
Burkholderia Mallei,bmv,,,1,1,1
Burkholderia Mallei,bmab,,,1,1,1
Burkholderia Mallei,bmae,,,1,1,1
Burkholderia Mallei,bmaf,,,1,1,1
Burkholderia Mallei,bmai,,,1,1,1
Burkholderia Mallei,bmal,,,1,1,1
Burkholderia Mallei,bmaq,,,1,1,1
Bacillus Anthracis,bah,,,1,1,1
Bacillus Anthracis,bai,,,1,1,1
Bacillus Anthracis,ban,,,1,1,1
Bacillus Anthracis,bar,,,0,1,1
Bacillus Anthracis,bat,,,1,1,1
Bacillus Anthracis,bax,,,1,1,1
Bacillus Anthracis,banh,,,0,1,1
Bacillus Anthracis,banr,,,0,1,1
Bacillus Anthracis,bans,,,1,1,1
Bacillus Anthracis,bant,,,0,1,1
Burkholderia Thailandensis,btd,,,1,1,1
Burkholderia Thailandensis,bte,,,1,1,1
Burkholderia Thailandensis,btj,,,1,1,1
Burkholderia Thailandensis,btq,,,1,1,1
Burkholderia Thailandensis,btv,,,1,1,1
Burkholderia Thailandensis,btz,,,1,1,1
Burkholderia Thailandensis,btha,,,1,1,1
Burkholderia Thailandensis,bthe,,,1,1,1
Burkholderia Thailandensis,bthl,,,1,1,1
Burkholderia Thailandensis,bthm,,,1,1,1
Aeromonas Hydrophila,aaj,,,1,1,1
Aeromonas Hydrophila,aha,,,1,1,1
Aeromonas Hydrophila,ahd,,,1,1,1
Aeromonas Hydrophila,ahh,,,1,1,0
Aeromonas Hydrophila,ahi,,,1,1,1
Aeromonas Hydrophila,ahj,,,1,1,1
Aeromonas Hydrophila,ahp,,,1,1,1
Aeromonas Hydrophila,ahr,,,1,1,1
Aeromonas Hydrophila,ahy,,,1,1,1
Enterobacter Hormaechei,ehm,,,1,1,1
Enterobacter Hormaechei,exf,,,1,1,1
Enterobacter Hormaechei,ecla,,,1,1,1
Enterobacter Hormaechei,eclc,,,1,1,1
Enterobacter Hormaechei,eclo,,,1,1,1
Enterobacter Hormaechei,eclx,,,1,1,1
Enterobacter Hormaechei,ecly,,,1,1,1
Enterobacter Hormaechei,eclz,,,1,1,1
Sinorhizobium Meliloti,sme,,,1,1,1
Sinorhizobium Meliloti,smi,,,1,1,1
Sinorhizobium Meliloti,smk,,,1,1,1
Sinorhizobium Meliloti,smq,,,1,1,1
Sinorhizobium Meliloti,smx,,,1,1,1
Sinorhizobium Meliloti,smeg,,,1,1,1
Sinorhizobium Meliloti,smel,,,1,1,1
Sinorhizobium Meliloti,smer,,,1,1,1
Shewanella Baltica,sbb,,,1,1,1
Shewanella Baltica,sbl,,,1,1,1
Shewanella Baltica,sbm,,,1,1,1
Shewanella Baltica,sbn,,,1,1,1
Shewanella Baltica,sbp,,,1,1,1
Shewanella Baltica,sbs,,,1,1,1
Shewanella Baltica,sbt,,,1,1,1
Rhodopseudomonas Palustris,rpa,,,1,1,1
Rhodopseudomonas Palustris,rpb,,,1,1,1
Rhodopseudomonas Palustris,rpc,,,1,1,1
Rhodopseudomonas Palustris,rpd,,,1,1,1
Rhodopseudomonas Palustris,rpe,,,1,1,1
Rhodopseudomonas Palustris,rpt,,,1,1,1
Rhodopseudomonas Palustris,rpx,,,1,1,1
Bacillus Amyloliquefaciens,bao,,,1,1,1
Bacillus Amyloliquefaciens,baz,,,1,1,1
Bacillus Amyloliquefaciens,bql,,,1,1,1
Bacillus Amyloliquefaciens,bxh,,,1,1,1
Bacillus Amyloliquefaciens,bamc,,,1,1,1
Bacillus Amyloliquefaciens,bamf,,,1,1,1
Bacillus Amyloliquefaciens,bami,,,1,1,1
Paenibacillus Fsl,paea,,,1,1,1
Paenibacillus Fsl,paee,,,1,1,1
Paenibacillus Fsl,paef,,,1,1,1
Paenibacillus Fsl,paeh,,,1,1,1
Paenibacillus Fsl,paej,,,1,1,1
Paenibacillus Fsl,paen,,,1,1,1
Paenibacillus Fsl,paeq,,,1,1,1
Enterobacter Cloacae,enc,,,1,1,1
Enterobacter Cloacae,enl,,,1,1,1
Enterobacter Cloacae,ecle,,,1,1,1
Enterobacter Cloacae,eclg,,,1,1,1
Enterobacter Cloacae,ecli,,,1,1,1
Enterobacter Cloacae,ecln,,,1,1,1
Paenibacillus Polymyxa,ppm,,,1,1,1
Paenibacillus Polymyxa,ppo,,,1,1,1
Paenibacillus Polymyxa,ppq,,,1,1,1
Paenibacillus Polymyxa,ppy,,,1,1,1
Paenibacillus Polymyxa,ppol,,,1,1,1
Paenibacillus Polymyxa,ppoy,,,1,1,1
Klebsiella Variicola,kpe,,,1,1,1
Klebsiella Variicola,kpk,,,1,1,1
Klebsiella Variicola,kva,,,1,1,1
Klebsiella Variicola,kvd,,,1,1,1
Klebsiella Variicola,kvq,,,1,1,1
Klebsiella Michiganensis,kmi,,,1,1,1
Klebsiella Michiganensis,koe,,,1,1,1
Klebsiella Michiganensis,kom,,,1,1,1
Klebsiella Michiganensis,kox,,,1,1,1
Klebsiella Michiganensis,koy,,,1,1,1
Vibrio Parahaemolyticus,vpa,,,1,1,1
Vibrio Parahaemolyticus,vpb,,,1,1,1
Vibrio Parahaemolyticus,vpf,,,1,1,1
Vibrio Parahaemolyticus,vph,,,1,1,1
Vibrio Parahaemolyticus,vpk,,,1,1,1
Ralstonia Solanacearum,rsc,,,1,1,1
Ralstonia Solanacearum,rsl,,,1,1,1
Ralstonia Solanacearum,rsm,,,1,1,1
Ralstonia Solanacearum,rsn,,,1,1,1
Ralstonia Solanacearum,rsy,,,1,1,1
Burkholderia Cenocepacia,bch,,,1,1,1
Burkholderia Cenocepacia,bcj,,,1,1,1
Burkholderia Cenocepacia,bcen,,,1,1,1
Burkholderia Cenocepacia,bceo,,,1,1,1
Burkholderia Cenocepacia,bcew,,,1,1,1
Bordetella Pertussis,bpc,,,1,1,1
Bordetella Pertussis,bpe,,,1,1,1
Bordetella Pertussis,bper,,,1,1,1
Bordetella Pertussis,bpet,,,1,1,1
Bordetella Pertussis,bpeu,,,1,1,1
Vibrio Vulnificus,vvl,,,1,1,1
Vibrio Vulnificus,vvm,,,1,1,1
Vibrio Vulnificus,vvu,,,1,1,1
Vibrio Vulnificus,vvy,,,1,1,1
Pseudomonas Syringae,psb,,,1,1,1
Pseudomonas Syringae,pst,,,1,1,1
Pseudomonas Syringae,psyi,,,1,1,1
Pseudomonas Syringae,psyr,,,1,1,1
Pseudomonas Fluorescens,pfc,,,1,1,1
Pseudomonas Fluorescens,pfn,,,1,1,1
Pseudomonas Fluorescens,pfo,,,1,1,1
Pseudomonas Fluorescens,pfs,,,1,1,1
Pseudomonas Chlororaphis,pch,,,1,1,1
Pseudomonas Chlororaphis,pcp,,,1,1,1
Pseudomonas Chlororaphis,pcz,,,1,1,1
Pseudomonas Chlororaphis,pchp,,,1,1,1
Burkholderia Multivorans,bmj,,,1,1,1
Burkholderia Multivorans,bmk,,,1,1,1
Burkholderia Multivorans,bmu,,,1,1,1
Burkholderia Multivorans,bmul,,,1,1,1
Bordetella Bronchiseptica,bbh,,,1,1,1
Bordetella Bronchiseptica,bbm,,,1,1,1
Bordetella Bronchiseptica,bbr,,,1,1,1
Bordetella Bronchiseptica,bbx,,,1,1,1
Achromobacter Xylosoxidans,axn,,,1,1,1
Achromobacter Xylosoxidans,axo,,,1,1,1
Achromobacter Xylosoxidans,axx,,,1,1,1
Achromobacter Xylosoxidans,axy,,,1,1,1
Acidovorax Carolinensis,acid,,,1,1,1
Acidovorax Carolinensis,acin,,,1,1,1
Acidovorax Carolinensis,acip,,,1,1,1
Acidovorax Carolinensis,acis,,,1,1,1
Vibrio Anguillarum,lag,,,1,1,1
Vibrio Anguillarum,van,,,1,1,1
Vibrio Anguillarum,vau,,,1,1,1
Pseudomonas Protegens,pfl,,,1,1,1
Pseudomonas Protegens,pprc,,,1,1,1
Pseudomonas Protegens,ppro,,,1,1,1
Azotobacter Vinelandii,avd,,,1,1,1
Azotobacter Vinelandii,avl,,,1,1,1
Azotobacter Vinelandii,avn,,,1,1,1
Ralstonia Pseudosolanacearum,rpu,,,1,1,1
Ralstonia Pseudosolanacearum,rse,,,1,1,1
Ralstonia Pseudosolanacearum,rso,,,1,1,1
Ralstonia Pickettii,rpf,,,1,1,1
Ralstonia Pickettii,rpi,,,1,1,1
Ralstonia Pickettii,rpj,,,1,1,1
Cupriavidus Necator,cnc,,,1,1,1
Cupriavidus Necator,cuh,,,1,1,1
Cupriavidus Necator,reh,,,1,1,1
Burkholderia Humptydooensis,bhg,,,1,1,1
Burkholderia Humptydooensis,bud,,,1,1,1
Burkholderia Humptydooensis,bul,,,1,1,1
Burkholderia Cepacia,bct,,,1,1,1
Burkholderia Cepacia,bced,,,1,1,1
Burkholderia Cepacia,bcep,,,1,1,1
Sinorhizobium Fredii,rhi,,,1,1,1
Sinorhizobium Fredii,sfd,,,1,1,1
Sinorhizobium Fredii,sfh,,,1,1,1
Bradyrhizobium Genosp.,bgk,,,1,1,1
Bradyrhizobium Genosp.,bgea,,,1,1,1
Bradyrhizobium Genosp.,bgep,,,1,1,1
Bacillus Mycoides,bwe,,,1,1,1
Bacillus Mycoides,bww,,,1,1,1
Bacillus Mycoides,bmyo,,,1,1,1
Bacillus Pumilus,bpu,,,1,1,1
Bacillus Pumilus,bpum,,,1,1,1
Bacillus Pumilus,bpus,,,1,1,1
Paenibacillus Mucilaginosus,pmq,,,1,1,0
Paenibacillus Mucilaginosus,pms,,,1,1,1
Paenibacillus Mucilaginosus,pmw,,,1,1,1
Chlamydia Trachomatis,ces,,,1,1,1
Chlamydia Trachomatis,cfs,,,1,1,1
Chlamydia Trachomatis,cfw,,,1,1,1
Chlamydia Trachomatis,cra,,,1,1,1
Chlamydia Trachomatis,csw,,,1,1,1
Chlamydia Trachomatis,cta,,,1,1,1
Chlamydia Trachomatis,ctb,,,1,1,1
Chlamydia Trachomatis,ctd,,,1,1,1
Chlamydia Trachomatis,ctf,,,1,1,1
Chlamydia Trachomatis,ctg,,,1,1,1
Escherichia Coli,eab,,,1,1,1
Escherichia Coli,ebd,,,1,1,1
Escherichia Coli,ebe,,,1,1,1
Escherichia Coli,ebl,,,1,1,1
Escherichia Coli,ebr,,,1,1,1
Escherichia Coli,ebw,,,1,1,1
Escherichia Coli,ecc,,,1,1,1
Escherichia Coli,ecd,,,0,1,1
Escherichia Coli,ece,,,1,1,1
Escherichia Coli,ecf,,,1,1,1
Helicobacter Pylori,hca,,,1,1,1
Helicobacter Pylori,hcn,,,1,1,1
Helicobacter Pylori,heb,,,1,1,1
Helicobacter Pylori,hef,,,1,1,1
Helicobacter Pylori,heg,,,1,1,1
Helicobacter Pylori,hei,,,1,1,1
Helicobacter Pylori,hem,,,1,1,1
Helicobacter Pylori,hen,,,1,1,1
Helicobacter Pylori,heo,,,1,1,1
Helicobacter Pylori,hep,,,1,1,1
Staphylococcus Aureus,saa,,,1,1,1
Staphylococcus Aureus,sab,,,1,1,1
Staphylococcus Aureus,sac,,,1,1,1
Staphylococcus Aureus,sad,,,1,1,1
Staphylococcus Aureus,sae,,,1,1,1
Staphylococcus Aureus,sah,,,1,1,1
Staphylococcus Aureus,saj,,,1,1,1
Staphylococcus Aureus,sam,,,1,1,1
Staphylococcus Aureus,sao,,,1,1,1
Staphylococcus Aureus,sar,,,1,1,1
Salmonella Enterica,sea,,,1,1,1
Salmonella Enterica,seb,,,1,1,1
Salmonella Enterica,sec,,,1,1,1
Salmonella Enterica,sed,,,1,1,1
Salmonella Enterica,see,,,1,1,1
Salmonella Enterica,sef,,,1,1,1
Salmonella Enterica,seg,,,1,1,1
Salmonella Enterica,seh,,,1,1,1
Salmonella Enterica,sej,,,1,1,1
Salmonella Enterica,sel,,,1,1,1
Listeria Monocytogenes,lmc,,,1,1,1
Listeria Monocytogenes,lmf,,,1,1,1
Listeria Monocytogenes,lmg,,,1,1,1
Listeria Monocytogenes,lmh,,,1,1,1
Listeria Monocytogenes,lmj,,,1,1,1
Listeria Monocytogenes,lml,,,1,1,1
Listeria Monocytogenes,lmn,,,1,1,1
Listeria Monocytogenes,lmo,,,1,1,1
Listeria Monocytogenes,lmp,,,1,1,1
Listeria Monocytogenes,lmq,,,1,1,1
Mycobacterium Tuberculosis,maf,,,1,1,1
Mycobacterium Tuberculosis,mbb,,,1,1,1
Mycobacterium Tuberculosis,mbk,,,1,1,1
Mycobacterium Tuberculosis,mbm,,,1,1,1
Mycobacterium Tuberculosis,mbo,,,1,1,1
Mycobacterium Tuberculosis,mbt,,,1,1,1
Mycobacterium Tuberculosis,mbx,,,1,1,1
Mycobacterium Tuberculosis,mra,,,1,1,1
Mycobacterium Tuberculosis,mtb,,,1,1,1
Mycobacterium Tuberculosis,mtc,,,1,1,1
Wolbachia Endosymbiont,wbm,,,1,1,1
Wolbachia Endosymbiont,wcl,,,1,1,1
Wolbachia Endosymbiont,web,,,1,1,1
Wolbachia Endosymbiont,wec,,,1,1,1
Wolbachia Endosymbiont,wee,,,1,1,1
Wolbachia Endosymbiont,wef,,,0,1,1
Wolbachia Endosymbiont,weg,,,1,1,1
Wolbachia Endosymbiont,wej,,,1,1,1
Wolbachia Endosymbiont,wek,,,1,1,1
Wolbachia Endosymbiont,wel,,,0,1,1
Streptococcus Pneumoniae,sjj,,,1,1,1
Streptococcus Pneumoniae,snb,,,1,1,1
Streptococcus Pneumoniae,snc,,,1,1,1
Streptococcus Pneumoniae,snd,,,1,1,1
Streptococcus Pneumoniae,sne,,,1,1,1
Streptococcus Pneumoniae,sni,,,1,1,1
Streptococcus Pneumoniae,snm,,,1,1,1
Streptococcus Pneumoniae,snp,,,1,1,1
Streptococcus Pneumoniae,snt,,,1,1,1
Streptococcus Pneumoniae,snu,,,1,1,1
Campylobacter Jejuni,cjb,,,1,1,1
Campylobacter Jejuni,cjd,,,1,1,1
Campylobacter Jejuni,cje,,,1,1,1
Campylobacter Jejuni,cji,,,1,1,1
Campylobacter Jejuni,cjj,,,1,1,1
Campylobacter Jejuni,cjl,,,1,1,1
Campylobacter Jejuni,cjm,,,1,1,1
Campylobacter Jejuni,cjn,,,1,1,1
Campylobacter Jejuni,cjp,,,1,1,1
Campylobacter Jejuni,cjq,,,1,1,1
